clip,session,frame,time_s,phase,status,knee_hidden,shoulder_x,shoulder_y,hip_x,hip_y,knee_x,knee_y
deadlift_set2,B,125,4.186,bottom,ok,0,30.0,682.0,189.0,673.0,91.0,781.0
deadlift_set2,B,190,6.363,ascent,ok,1,71.0,658.0,207.0,685.0,97.0,780.0
deadlift_set2,B,199,6.664,ascent,ok,1,74.0,617.0,202.0,661.0,116.0,783.0
deadlift_set2,B,209,6.999,ascent,skip,,,,,,,
deadlift_set2,B,287,9.611,bottom,ok,0,59.0,660.0,209.0,661.0,116.0,780.0
deadlift_set2,B,298,9.98,ascent,ok,0,65.0,663.0,209.0,664.0,121.0,771.0
deadlift_set2,B,317,10.616,ascent,skip,,,,,,,
deadlift_set2,B,396,13.262,bottom,ok,0,76.0,645.0,218.0,663.0,133.0,773.0
deadlift_set2,B,406,13.597,ascent,ok,0,75.0,653.0,222.0,665.0,134.0,770.0
deadlift_set2,B,417,13.965,ascent,skip,,,,,,,
deadlift_set2,B,429,14.367,ascent,skip,,,,,,,
deadlift_set2,B,526,17.615,bottom,ok,0,74.0,649.0,215.0,664.0,131.0,774.0
deadlift_set2,B,539,18.051,ascent,ok,1,75.0,621.0,209.0,657.0,136.0,786.0
deadlift_set2,B,553,18.519,ascent,skip,,,,,,,
deadlift_set2,B,653,21.868,bottom,ok,0,69.0,648.0,209.0,662.0,123.0,778.0
deadlift_set2,B,664,22.237,ascent,ok,1,80.0,597.0,213.0,652.0,137.0,789.0
deadlift_set2,B,791,26.49,bottom,ok,0,72.0,657.0,213.0,668.0,122.0,778.0
deadlift_set2,B,802,26.858,ascent,ok,0,69.0,648.0,217.0,664.0,122.0,783.0
deadlift_set2,B,821,27.494,ascent,skip,,,,,,,
deadlift_set2,B,829,27.762,ascent,skip,,,,,,,
deadlift_set2,B,946,31.681,bottom,ok,0,73.0,656.0,220.0,673.0,124.0,785.0
deadlift_set2,B,956,32.015,ascent,ok,0,80.0,635.0,221.0,667.0,125.0,783.0
deadlift_set2,B,966,32.35,ascent,ok,1,101.0,537.0,205.0,642.0,129.0,791.0
deadlift_set2,B,979,32.786,ascent,ok,1,150.0,507.0,177.0,688.0,136.0,776.0
