clip,session,frame,time_s,phase,status,shoulder_x,shoulder_y,hip_x,hip_y,knee_x,knee_y
deadlift_set2,A,125,4.186,bottom,ok,32.0,680.0,194.0,672.0,88.0,796.0
deadlift_set2,A,190,6.363,ascent,skip,,,,,,
deadlift_set2,A,199,6.664,ascent,skip,,,,,,
deadlift_set2,A,209,6.999,ascent,skip,,,,,,
deadlift_set2,A,287,9.611,bottom,ok,61.0,654.0,207.0,657.0,124.0,780.0
deadlift_set2,A,298,9.98,ascent,ok,63.0,661.0,211.0,666.0,123.0,778.0
deadlift_set2,A,317,10.616,ascent,skip,,,,,,
deadlift_set2,A,396,13.262,bottom,ok,73.0,637.0,220.0,661.0,123.0,777.0
deadlift_set2,A,406,13.597,ascent,ok,76.0,651.0,208.0,661.0,132.0,779.0
deadlift_set2,A,417,13.965,ascent,skip,,,,,,
deadlift_set2,A,429,14.367,ascent,skip,,,,,,
deadlift_set2,A,526,17.615,bottom,ok,76.0,655.0,216.0,661.0,134.0,773.0
deadlift_set2,A,539,18.051,ascent,skip,,,,,,
deadlift_set2,A,553,18.519,ascent,skip,,,,,,
deadlift_set2,A,653,21.868,bottom,ok,68.0,650.0,211.0,663.0,130.0,773.0
deadlift_set2,A,664,22.237,ascent,skip,,,,,,
deadlift_set2,A,791,26.49,bottom,ok,67.0,650.0,216.0,664.0,121.0,780.0
deadlift_set2,A,802,26.858,ascent,ok,73.0,650.0,203.0,665.0,127.0,776.0
deadlift_set2,A,821,27.494,ascent,skip,,,,,,
deadlift_set2,A,829,27.762,ascent,skip,,,,,,
deadlift_set2,A,946,31.681,bottom,ok,73.0,657.0,216.0,673.0,124.0,774.0
deadlift_set2,A,956,32.015,ascent,ok,76.0,640.0,210.0,660.0,128.0,771.0
deadlift_set2,A,966,32.35,ascent,skip,,,,,,
deadlift_set2,A,979,32.786,ascent,skip,,,,,,
